{
  "pythonInterpreter": "PYTHON37",
  "installCorePackages": true,
  "corePackagesSet": "PANDAS12",
  "installJupyterSupport": false,
  "dockerImageResources": "INIT",
  "updateResourcesApiNode": false,
  "pythonInterpreterChangeHistory": [],
  "conda": false,
  "creationTag": {
    "versionNumber": 0,
    "lastModifiedBy": {
      "login": "admin"
    },
    "lastModifiedOn": 1693931661471,
    "extendedProperties": {}
  },
  "versionTag": {
    "versionNumber": 0,
    "lastModifiedBy": {
      "login": "admin"
    },
    "lastModifiedOn": 1693931661471,
    "extendedProperties": {}
  },
  "deploymentMode": "DESIGN_MANAGED",
  "envSettings": {
    "inheritGlobalSettings": true,
    "condaInstallExtraOptions": [],
    "condaCreateExtraOptions": [],
    "pipInstallExtraOptions": [],
    "virtualenvCreateExtraOptions": [],
    "cranMirrorURL": "https://cloud.r-project.org",
    "useConda": false
  },
  "usableByAll": true,
  "permissions": [],
  "allContainerConfs": false,
  "containerConfs": [],
  "allSparkKubernetesConfs": false,
  "sparkKubernetesConfs": [],
  "rebuildDependentCodeStudioTemplates": "ASK"
}