{
  "type": "block_based",
  "label": "voila-public",
  "tags": [],
  "versionTag": {
    "versionNumber": 32,
    "lastModifiedBy": {
      "login": "admin"
    },
    "lastModifiedOn": 1694041031695,
    "extendedProperties": {}
  },
  "creationTag": {
    "versionNumber": 0,
    "lastModifiedBy": {
      "login": "admin"
    },
    "lastModifiedOn": 1693340800218,
    "extendedProperties": {}
  },
  "isEditor": true,
  "permissions": [],
  "allowContainerConfOverride": true,
  "allContainerConfs": true,
  "containerConfs": [],
  "params": {
    "blocks": [
      {
        "type": "dss_base_image",
        "params": {
          "syncedZones": [
            {
              "zone": "code_studio_versioned",
              "pathInContainer": "/home/dataiku/workspace/code_studio-versioned",
              "oneWay": false
            },
            {
              "zone": "code_studio_resources",
              "pathInContainer": "/home/dataiku/workspace/code_studio-resources",
              "oneWay": false
            },
            {
              "zone": "project_lib_versioned",
              "pathInContainer": "/home/dataiku/workspace/project-lib-versioned",
              "oneWay": false
            },
            {
              "zone": "project_lib_resources",
              "pathInContainer": "/home/dataiku/workspace/project-lib-resources",
              "oneWay": false
            },
            {
              "zone": "recipes",
              "pathInContainer": "/home/dataiku/workspace/recipes",
              "oneWay": false
            },
            {
              "zone": "notebooks",
              "pathInContainer": "/home/dataiku/workspace/notebooks",
              "oneWay": false
            },
            {
              "zone": "user_versioned",
              "pathInContainer": "/home/dataiku/workspace/user-versioned",
              "oneWay": false
            },
            {
              "zone": "user_resources",
              "pathInContainer": "/home/dataiku/workspace/user-resources",
              "oneWay": false
            }
          ],
          "excludedFromSync": []
        }
      },
      {
        "type": "simple_deployment",
        "params": {
          "exposedPorts": [],
          "readinessProbeHeaders": [],
          "annotations": [],
          "labels": [],
          "useTcpReadiness": true
        }
      },
      {
        "type": "pycdstdioblk_voili-voilou_jupyterlab-widgets",
        "params": {
          "config": {
            "useInWebapps": false,
            "settingsPath": "__USER_VERSIONED__/settings/jupyterlab",
            "workspacesPath": "__CODE_STUDIO_RESOURCES__/jupyterlab-workspaces/",
            "openInPath": "/home/dataiku/workspace",
            "port": 8989,
            "startScript": "/opt/dataiku",
            "enableXSRF": true
          }
        }
      },
      {
        "type": "append_dockerfile",
        "params": {
          "dockerfile": "RUN /opt/dataiku/pyenv-jupyter/bin/python -m pip install plotly\u003d\u003d5.10.0 numpy pandas matplotlib qgrid\u003d\u003d1.3.1 paramiko xlsxwriter\u003d\u003d3.1.2 beautifulsoup4 reportlab kaleido cairosvg rdkit-pypi nest-asyncio scikit-learn scipy scikit-image\nRUN /opt/dataiku/pyenv-jupyter/bin/python -m pip install voila\u003d\u003d0.3.5 voila-vuetify\n\nRUN /opt/dataiku/pyenv-jupyter/bin/jupyter labextension install @j123npm/qgrid2@1.1.4 \nRUN /opt/dataiku/pyenv-jupyter/bin/jupyter labextension install jupyterlab-plotly@5.10.0\nRUN /opt/dataiku/pyenv-jupyter/bin/jupyter labextension enable jupyterlab-plotly@5.10.0\nRUN /opt/dataiku/pyenv-jupyter/bin/jupyter serverextension enable voila --sys-prefix",
          "label": "additional jupyterlab components",
          "runAsRoot": true,
          "resources": []
        }
      },
      {
        "type": "add_codeenv",
        "params": {
          "envName": "voila-for-plugin",
          "envLang": "PYTHON",
          "versionId": "Latest"
        }
      },
      {
        "type": "pycdstdioblk_voili-voilou_voila-main",
        "params": {
          "config": {
            "useInWebapps": true,
            "codeEnvMode": "dss",
            "userCodeEnvPath": "/home/dataiku/my-code-env",
            "voilaVersion": "0.5.0a",
            "startFile": "__CODE_STUDIO_VERSIONED__/voila/app.ipynb",
            "settingsPath": "__CODE_STUDIO_VERSIONED__/voila",
            "port": 8866,
            "startScript": "/opt/dataiku",
            "dssCodeEnv": "voila-for-plugin",
            "pythonModules": "ipyvuetify bqplot"
          }
        }
      },
      {
        "type": "pycdstdioblk_voili-voilou_voila-public",
        "params": {
          "config": {
            "port": 8876,
            "startScript": "/opt/dataiku"
          }
        }
      },
      {
        "type": "append_dockerfile",
        "params": {
          "dockerfile": "USER root\nRUN yum install -y sudo\nRUN yum install -y wget\nRUN yum install -y git-lfs\nRUN yum install -y conda\nRUN echo \"dataiku ALL\u003d(ALL) NOPASSWD: ALL\" \u003e\u003e /etc/sudoers \u0026\u0026 \\\n    echo \"%wheel ALL\u003d(ALL) ALL\" \u003e\u003e /etc/sudoers\nUSER dataiku\nRUN mkdir -m 700 ~/.ssh",
          "label": "add system packages",
          "runAsRoot": true,
          "resources": []
        }
      }
    ]
  }
}